file_name,transcript,label
eng1,"Now let me tell you, we all have heard something about stubborn hearts. Stubborn hearts always find their way, but have you noticed where that journey began from? Let me take you back to 2004 to a 9-year-old child who was madly in love with ice creams. She used to love ice creams every single day and a specific one chocolate feast until one day her mother told We cannot buy ice creams for you now. You have to buy it for your own self. And for that girl, the world shattered because for her, the only world consists of ice creams and that was her own world.",storytelling
eng10,"What is it? Is it the tune? Is it the set of musical notes used? Now in India, we are told that, you know, learn English, learn English because it's a relatively global language and wherever you go, you'll be able to communicate. True that. So I'll take the example of English to demonstrate my point. D A U G H T E R. This word. It's made up of letters, set of letters. Give it to an Indian and they would pronounce it as daughter. Give it to someone in America and the American pronunciation would probably be Daughter. Give it to someone in Britain and the pronunciation would be Daughter. Right? The same language, the same word, the same set of letters. But what made the difference?",educational
eng11,"The Gita tells us that the soul is bound to live through several lifetimes before it comes to the end of its journey. Perhaps that's why Indians don't place so high a premium on punctuality. So many lifetimes, so much time. And that's why the Gita is also the insider's guide to the Indian mind. Do you seek contentment? There's an app for that, and you can find it in the Gita. So what does the Gita say about contentment? How can you find it? You must put everything you have into everything you do, says the Gita, but There is no bigger fool than you if you imagine that just because you put your best effort, the outcome will be something that you desire. Understand, says the Gita, that Some things lie within your control like your effort, but some things most certainly do not, like the outcome. Therefore, focus on your effort, let go of the outcome. In other words, play to play, don't play to win. If that doesn't make the Gita a killer app for contentment, I don't know what does.",motivational
eng12,"The universe, says the Gita, gives us so many things for free, the life-giving sun, the nourishing rain, the fertile earth. We would be nothing more than common thieves if we did not give back in equal measure. And how do you give back in equal measure? Simply by doing your own duties well to the best of your abilities. Simply by shouldering your own responsibilities as parents, teachers, students, doctors, priests, lawyers with a smile and doing your every action with an attitude of gratitude. Only if you do that, says the Gita, is the ancient cycle of give and take between gods and men kept in motion, and only if that cycle is kept in motion, will the world not descend into chaos. Did someone say Adam Smith?",motivational
eng13,"Now, what is wisdom? What is the ideal man, human being supposed to be like? What should you aspire for if you want to be like the ideal person? According to the Gita, it's very simple, there's a recipe. When you see the world as it really is, then you have attained the status of the ideal human. And what does that mean? It means you see a bit of yourself in everything around you and a bit of everything around you in yourself. It means you're able to look beyond the differences on the outside to the sameness on the inside. It means you're able to say with conviction that the entire world is my home and every creature in it my family. This makes the Gita the ultimate equal rights manifesto, one that not just individuals but governments would do well to adopt in our divisive intolerant times.",educational
eng14,"The Mahabharata, all 100,000 verses of it, I believe, was expressly written to contain the 700 verses of the Gita, just as a tree creates a juicy fruit to household, protect, and disperse its seed. The storyteller of the Mahabharata sets up this grand canvas, paints an engaging narrative, populates it with the most memorable characters, brings us to the brink of a great war, and then, wham, introduces the 700 verses of the Gita. If you want to know how the war went, you have no choice but to plow through the 700 verses of high philosophy that the Gita is, which makes the Gita a great how-to guide for teachers wishing to teach a complicated subject to reluctant students.",opinion
eng15,"In, uh, in Eastern thought, the notion of time is that of a cycle, not it's not linear, time is cyclical. And therefore, the climax in our stories arrives in the middle of the story, not at the end. The Gita is no different. Just when you reach about chapter 10, there are 18 chapters in all, and the philosophy begins to get a little overwhelming, a new twist is introduced into the tale. We are told that Krishna is not who we have believed all along. In chapter 11, it is followed by drama and spectacle with Krishna revealing his cosmic Vishwaroopa form. Our attentions have been recaptured and we remain vested for the next 7 chapters. If you were looking for a guide on how to write a riveting bestseller, you need to look no further than the Gita.",educational
eng16,"So when these 100 men are lined up and they're looking to the right and they're left, they know that out of the 100 here who begin the assault, only a handful will see the end of that day. Most of them would be dead and many of them would be worse than dead, handicapped, amputees. And yet, they will write their last letters to their families, to their parents, to their unborn children at times. They will heft their battle packs, cock up their rifles.",storytelling
eng17,"If you Google the meaning of confidence, you'll find that it comes from a Latin word called confidre, which means to trust. So when you talk about self-confidence, you're talking about trusting yourself. But what happens when you don't have self-confidence or when you can't trust yourself? Doesn't the latter sound much worse than just saying, oh, I don't have confidence? Unfortunately, that is the reality for a lot of people.",educational
eng18,"When my parents look back at my childhood, they always describe my sister as the mischievous one or the troublemaker of the family, and they always describe me as the shant child of the family. But I don't know when this shant, shy girl turned into a scared and anxious girl. I am one of those many people who get scared to do basic normal everyday things. Like, um, if I'm at a restaurant, I used to get scared to order for a glass of water and let alone food, ordering food was like something out of a nightmare for me. So I would always ask my friends to do it. I hate answering phone calls. I don't. If I see an unknown number flashing on my phone, I'm just like, not happening. You gotta text me, I'm not gonna answer that call. And if I knew the answer in class, I would never put my hand up and answer because of the ever present self-doubt that whatever I know is wrong.",storytelling
eng19,"Then I entered junior college. Uh, it was a new place, new people, new friends. So I somehow gathered the courage to put my name down to participate in the fashion show. And I think that is where it all started. Just it was something very minor, you know, just putting my name down in the list for participating in the fashion show. But that ignited a confidence in me and made me realize that hey, I really do love this world of fashion and glamour. So after I got out of junior college, I did something I never thought I would do. I was scrolling on Facebook. And I saw this advertisement for a pageant called Style Diva that was being conducted by one of India's leading magazine. So without thinking, without even telling my parents, I gathered some of my pictures and I mailed it to them. Mailing them those pictures was probably the best decision I ever made.",storytelling
eng2,"For me, my freedom is very important. And then my boyfriend told me, ex-boyfriend told me, then Arushi, you are beautiful, you are intelligent, but I cannot let you work anymore. This cannot be done. You have to take permissions for this, permissions for that. I'll provide you with all the luxuries of your life. Now you have to do what I want you to do. I said wait, wait. This is not the life which is given to me. I have to build my own life. So I stepped from that relationship and I asked my best friend Akanksha.",storytelling
eng20,"So, I have just got her in trouble for being that kid who's always too excited about doing these things, and most of my notebooks would have my rough work transitioning into scribbles and doodles. All in all, it was a mess. Like, you could tell I was a really distracted child. I mean, I still am. But I think that is what has helped me get here. So, in my life, I've had a fair number of incidents that have shaped me and helped me become the person I am today. It has been a series of fortunate and a few unfortunate events, which I will be talking about today. So I hope you can connect the dots as you listen to my life story. Now, let's look at it this way. Your brain is a factory with constant emissions. For the lack of a better word called brain farts. And your brain cells are actually the labor that you employ.",storytelling
eng21,"Just like any other machine or any other factory, we come with default factory settings. Just like say MS Word, and you use these default factory settings for if you want to write something as boring as a business letter. Similarly, our brain comes with wired if and then settings. If hungry, then eat. If tired, then sleep. And if lonely, then I don't know, install Tinder or something. So these if and then mechanisms actually help us create and layer these processes one by one to release these emissions. And along this way, while we connect the dots, while our brain cells are employed in actually generating these creative ideas, Your brain factory can often go out of order. Now, during my journey, I've had a few roadblocks, which I will be talking about, and I will also be talking about my art, which has given me the courage to speak about this at the stage today. Now, our human brain is what separates us from the species that exist on planet Earth. We are the only species who come with a set of three superpowers. We as humans can believe, we can imagine, and we can wonder. The fact that something that I'll talk about can only exist in our brains and nowhere tangibly in this room is in fact pretty amazing. The fact when I tell you about a half horse and a half human and The fact that you know exactly what I'm talking about, all of us have the exact same picture in our heads is pretty amazing. And these superpowers actually help us bring these creative ideas to life, actually help us bring our stories to life.",educational
eng22,"Now, during your course of time while you are in the universe, there are a few incidents which define a certain before and a certain after. And while you're on the threshold of this before and after, is when life is actually happening. And people don't tell you how difficult seventh grade can get at times. Seventh grade is actually really difficult. You're dealing with a completely new curriculum. Uh, you're dealing with a period for the first time. You're dealing with confessing to a crush for the first time. But the most difficult of them all, dealing with the death of a parent. Now, most of us will have to face the death of a parent, but only a few are actually prepared for it.",educational
eng23,"And back in 2011, no one is talking about mental health issues. And before you're supposed to be made aware of how you're supposed to deal with it, how you're supposed to cope with it, what exactly has happened and what this change exactly means in your life. You're actually supposed to be strong. You're supposed to be super strong and set an example for the people around you and for your family. So during that course of displaying my strength and putting it out as an exhibit, my brain factory went out of order. And my brain cells went on a strike and they asked me, listen Ankita, figure what's going on and then we'll get back to you. I'm like, okay, you know what? I'm gonna take my time.",storytelling
eng26,"See, that's a very convoluted, complex question. I think that the equity on physical beauty when it comes to women are defined predominantly by the male gaze. And that makes it confusing, you know, that oh my gosh, your waist is not the right size or your height's not the right size or Um, you you look a certain way that makes you beautiful or that doesn't make you beautiful. So that being judged by the male gaze and the beauty standards that have been created by um patriarchal norms um because women have for a very long time lived as secondary citizens, that's hard. But when it came to me, my pageant, it gave me a springboard that I probably wouldn't have had. So individualistically for me, Um, now as I look back in retrospect, I don't think I would ever be a part of a pageant now, this 40-year-old me. But at that time, it was very, very empowering for a small town girl in a massive stage with 96 contestants being viewed around the world. You know, it just felt like, wow, my life has suddenly changed. The cameras were like that and now it's all on me. You know, so that was a very empowering feeling. Um, but more than that, it was a springboard to the entertainment business, which I don't think I would have ever had or chosen.",opinion
eng27,"I was called black cat, dusky, what does even dusky mean? Um, in a country of all dusky people. I mean, we're literally brown in India, but we still you have so much equity on light skin. And of course that comes from our colonial past, it comes from, you know, it's not even been a 100 years that we've shared the British Raj. It's so we we still hold on to I think what we were made to feel subliminally, and it is up to us and our generation to be able to cut those ties and change it for the next generation so that they don't inherit the equity on light skin, they don't inherit the gender equality that we probably thought was normal. I thought it was completely normal and absolutely okay to sit for hours and hours on set while my male co-actor just took his own time, decided whenever he wanted to show up on set is when we would shoot. It was normal, you know, when for actors to male and women to say, oh wow, I have glowy white skin now. There was nothing wrong around it. When I was 21, 22, I did think that I was dark skinned. I did think that I was not pretty enough. I did think that I would have to work a lot harder even though I thought I was probably a little bit more talented than my co-actors who were lighter skinned. I thought that was right. I thought that because it was so normalized. So, I think as I grew up, I saw things in my career that I didn't even know were right or wrong.",opinion
eng28,"Well, I think that racism is prevalent wherever we go. And I think that when I was younger, I didn't have the mental equipment to be able to deal with how that made me feel. I felt smaller, I felt invisible, I felt like I didn't deserve. to be treated the same way as everyone else because I thought that that's what my reality was. When I was in school, this is like 14, 15, you know, you're an adolescent, um, in America and I felt like, oh my gosh, maybe being different does make me less than. But as I grew up, I saw that I'm actually some I'm I'm a lucky one. That, you know, yeah, sure, I faced racism, people called me names, um, or, you know, said mean things to me, but people around the world get killed for it. for the color of their skin. And I count myself as the lucky one, part of the lucky few that are able to stand up for themselves.",opinion
eng29,"You know, conversations are links, okay? Let's imagine every conversation to be a tiny metal link, and every time you talk to a stranger, a metal link is formed. And every conversation that you have after that moment, the link gets stronger and stronger. And every day, each one of us meets so many strangers, the grocery guy, the cab guy, maybe the receptionist at a new office you went to. And with every In conversation, we build new links until finally at the end we've created a kind of massive worldwide web of conversation. World Wide Web. It's a catchy word. I think I've heard that somewhere. That's it, right? A conversation, it's a fascinating thing. A conversation is an adventure. Conversation gives you a whole new perspective. A conversation opens a door. Conversations can make war and conversations can make peace. And conversations define who we are as a human race.",conversational
eng30,"Strangers, they are everywhere. And we've always been told, don't talk to strangers. But I beg to differ. Every stranger comes with an opportunity, an opportunity to learn something new, an opportunity to have an experience you've never had or hear a story that you've never heard before. You've had that moment, right? You're in the room with someone you don't know and you look across the room, you see a stranger and you think, I want to talk to this person. And you can almost hear the first word but it just won't come out. It kind of gets stuck about here. It goes up and down and you don't know, you know what? Here's my advice. Just say it. What's the worst that can happen? They won't talk to you, well they're not talking to you now. The first word floodgates. I truly believe that the first word acts as a floodgate, you know, once you set the first word, everything else just flows. So keep it simple, a hi, a hey, a hello.",educational
eng31,"Right? So here's my advice. Skip the small talk and ask a really personal question. And don't be afraid, trust me. You will be surprised how much people are willing to share if you just ask. So ask any kind of personal question, maybe, um, interesting name. How did your parents think of it? Is there a story behind it? Or how long have you lived in this city and do you remember the first day you landed here? You see, answers to those questions are always something unique.",educational
eng3,"In fact, let me share with you some fascinating insight. Ever since our independence in 1947, we produced zero Nobel laureates in science. The US has 100 plus. 26 Olympic medals, that's it. Just 26 Olympic medals and China produced 100 in the 2008 games alone. However, However, there is something we produce more than the US and China combined. Anyone's guess, right? Number of engineers. Now, who am I and why and how do I know so much? Look, he's laughing. He's he's an engineer himself. So, who am I and why and how do I know so much about this story? So, so I spent my initial years of growing in Saudi Arabia, right? And then my parents packed me back to Bombay in lieu of better education. And in school, I made two big mistakes. Do you want to know what those mistakes are? Yeah? Okay, so the first mistake of my life was that I was good at studies.",motivational
eng4,"Now, what happened next is I quit my job because I was curious, like how did such a diverse country like ours get so obsessed with one thing, producing engineers, and look like nobody before me tried answering. So I quit my job, and then something magical happened. Some 300 people across the globe contributed 14000 Australian dollars in a record setting crowdfunding campaign to help me, the goofball, compile a book. Okay? So over the next 2 years, I found out about a lot of interesting people, places, and events that helped shaped what I call one of India's greatest obsessions. Now, it's going to be difficult for me to take you through like 2 years of research in a couple of minutes, right? So what I'm going to do is going to take you through some of these",storytelling
eng5,"Now, now that I mentioned America, let's discuss the Indian engineers' tremendous success story in the US tech industry. So beat this, right? Two of the biggest tech giants in the world are today run by Indian engineers. And you know, they actually owe their life to a very specific moment in history. That moment is actually as specific as this, 4th of October 1957, 7:28 p.m. Okay, so what happened on 4th of October, 1957, 7:28 p.m. is, the Soviets launched the first human satellite in space, the Sputnik, and the US lost its mind. You know, the US and Russia always have had this Indian student type, have been like two Indian students, right? Always want to do better than each other. So, so the Americans lost their mind and they said, dude, we need to do something, man. So they changed their entire immigration policy.",motivational
eng6,"Here's the first question. Did the Mahabharat actually happen? The events in the Mahabharat, which is not just the Kurukshetra war, that's just 8800 shlokas out of the 1 lakh shlokas in the Mahabharat. But did all the events describe that? Did it happen? It's a very common question. The fantastic weapons we hear about in the Mahabharat, did they actually exist? And if they did, how did these people over 5000 years ago have that kind of science and technology? And then the question that led me on my journey as a fiction writer, are there scientific explanations for some of the things that we read about in the Mahabharat? This is a big one which I'm actually currently researching. Were there giants in the time of the Mahabharat? We hear about the devs and the asurs and the rakshasas. These enormous beings of gigantic stature, were they real?",educational
eng7,"But I'm gonna start by taking you on a tour of the world. We're gonna talk about some unexplained mysteries from across the world and then come back to the Mahabharat. And I'm gonna start with Egypt. The Great Pyramid is one of the most famous monuments in the world. It is 457 feet high as it stands today, the equivalent size of a 45-story building. We are told by history books that it was built in about 2550 BC by a pharaoh called Khufu as a tomb for himself. Now, when the Great Pyramid was built, it was locked, and this is its original entrance which was only discovered maybe about 50 or 60 years ago. It was concealed, hidden away by the wall of rock which you can see is scattered around the entrance today. So no one could enter the pyramid after it was built. It was closed and sealed. In 800 AD, the governor of Cairo, A gentleman called Muhammad Al-Mamun, he decided he wanted to go inside. Why? Because he believed if a Pharaoh was great enough to build a 45-story tomb for himself, he must have a lot of treasure inside. So Al-Mamun and his men tunneled into the Great Pyramid using what is today called the robber's entrance.",storytelling
eng8,"Let me take you to Wales. This is a fascinating place. When I saw it again, it blew my mind because there are magical things that happen here, and I'll tell you just one of them. This is supposed to be a burial chamber at a place called Brin Cethlithi, and the entrance of this chamber faces northeast. So every year between December and April, the sun rises in the northeast. If you remember your geography, it rises in the northeast in winter in the northern hemisphere. It shines through this entrance and illuminates. a stone pillar which is inside the chamber. Now, you'd say no big deal, right? The interesting thing is that the stone chamber is where the blue line is. It is not in line with the entrance. So obviously, Light from the sun is reflecting off the walls of the chamber and illuminating the pillar, and you can see it's reflective. It's quartz lined rock.",educational
eng9,"What is that it? What is that element that gives music its identity? As an 8-year-old, my logic was pretty simple. If the song is in English, then it's Western. If the song is in Hindi, then it's Hindustani. If it's in Tamil Telugu, then it's Carnatic. If it's Marathi, then it's Sugam Sangeet, and if it's in Bengali, then Rabindra Sangeet. As simple as that, I thought. But is it really that simple? Let's verify this claim a little. And what I'm going to do now is I'm going to make you all listen and I'm going to sing. So I'll be singing for you all a piece in English and according to the logic that we discussed, it should sound western to your ears.",educational
hin1,"तलाबों की खास बात, सुंदर बात क्या है कि आप इंडिया के किसी भी स्टेट में जाओ, आपको अलग नाम इनका सुनाई देगा। हरियाणा में जोहड़ है, पोखर है, कहीं पे ताल है, कहीं तलैया है, कहीं पंजाब में छप्पड़ है। आप उड़ीसा जाइए, अलग मिलेगा, बंगाल जाइए, कर्नाटका जाइए, केरला जाइए।",educational
hin10,"पापा सब कुछ रेडी है ना? नहीं नहीं, वो तो सारे पिच फाइनल मतलब जो भी हम प्लान कर रहे थे, पिच वगैरह सब कुछ फाइनल हो चुका है। यह पहली बार है हम किसी इन्वेस्टर पिच पे जा रहे हैं। आप सभी लोगों को रेडी रहना है, अच्छे से मतलब अपने आईडिया को बताना है। दिस इज आवर फर्स्ट टाइम जिसमें कोई भी मेस अप नहीं करना है। वे आर द शाफ्ट इन इंडिया फाइनल्स, इस बात को एकदम अपने अंदर रख के बी कॉन्फिडेंट इनफ जिससे आप अपने ब्रांड को अच्छे से प्रेजेंट कर सकते हैं, सब कुछ रेडी है, सारे पिच फाइल पिच फाइल्स रेडी हैं, डेमोस रेडी हैं, सब कुछ रेडी है ना।",motivational
hin11,"पापा आप क्या मज़ाक कर रहे हैं? शिट, यह तो बहुत बड़ी गलती है। उसमें तो सारे लैपटॉप्स, डेमोस, फाइल्स, जो भी फिजिकल प्रेजेंटेशन्स थे, सब कुछ तो उसी में था ना। अब हम कैसे प्रेजेंट करेंगे? माय फादर रिप्लाईड एट दैट पॉइंट ऑफ टाइम, आई वाज़ ऑन अर्ज टू क्राई क्योंकि बहुत मेहनत लगी थी, 20-20 घंटे हम काम कर रहे थे फॉर दैट आइडिया। ब्लॉकचेन रिलेटेड कंपनी थी वो मंत्रा फाई, बहुत ज़्यादा उसमें हमारा मतलब स्किन इन द गेम था, बहुत ज़्यादा फोकस्ड थे। मेरे हाथ में वो बैग जो नहीं था जिसमें हमारे को-फाउंडर्स की मेहनत थी, मेरी मेहनत थी और सभी लोगों का ड्रीम था, विज़न था। मेरे पापा ने एक चीज़ उस वक्त मुझे सिखाई। अब मैं आपको बताता हूँ कि कैसे मेंटालिटी जनरेशन्स... मैं अपनी अपनी होती है, मैं यहां अल्फा को रिप्रेजेंट कर रहा हूं, जिन अल्फा को और मैं आपको बता रहा हूं मेरे पापा जो मिलेनियर हैं उनकी क्या माइंडसेट थी उस पॉइंट ऑफ टाइम पर। मैं डरा हुआ हूं, उन्होंने मुझसे कहा कि सूर्यांश आई कांट सी द बैग इन योर हैंड। बोले आप बार बार रिपीट तो कर रहे हैं इस 1 चीज को कि बैग नहीं है, अब हम क्या करें? आधे घंटे में पिच है।",storytelling
hin12,"अब आप एक इमेजिन करो इस बच्चे की जिंदगी कैसे होती होगी, एक नॉर्मल घर है बिहार में, उज्जफरपुर में हमारा घर है, 4 लोग हमारी फैमिली में हैं, उसमें से मैं आपको सबके बारे में बताता हूं, अब चलो पापा पर आते हैं, पापा कौन है? तो एक एस्टैब्लिश्ड सोशल वर्कर है जो 20 25 सालों से समाज सेवा कर रहा है एंड ही इज अ रिप्रेजेंटेटिव टू द यूनाइटेड नेशंस वहां पे वो रिप्रेजेंट करते हैं अमेरिका में। पापा की बात हो गई, मां क्या कर रही है? वो भी एस्टैब्लिश सोशल वर्कर है, बहुत ज्यादा पैशनेट है, बहुत ज्यादा ड्रिवेन है समाज में कुछ बदलाव लाने के लिए। बहन की बात करते हैं तो ऑथर लीडर। क्रिएटर, चेंज मेकर, इन्फ्लुएंसर क्या नहीं, एक्टर सब कुछ है मैन मैन। मैं अकेला घर में बैठा हुआ हूं और वहां के सोच रहा हूं कि सूर्या सब कुछ ना कुछ कर रहे हैं, तू क्या कर रहा है? अब यह तीनों और इन 2023 दीज़ गाइज़ मेट द प्रेसिडेंट ऑफ इंडिया। वहां पर जाके इन्होंने अपने आइडियाज को प्रेजेंट किया और उनसे ये तीनों मिलकर आए। मेरी स्थिति आप समझिए कि मैं कुछ नहीं कर रहा हूं और घर पे मीडिया और इंटरव्यू। की लाइन लगी हुई है, इनसे लोग पूछे जा रहे हैं, व्हाट्स योर विज़न? तुम क्या पढ़ना चाहते हो? कैसे तुम प्रेजेंट करोगे? तुम्हारा विज़न क्यों है? तुमने स्टार्ट क्यों किया? और वो 12 साल का सूर्यांश बैठ कर सोच रहा था कि ये हो क्या रहा है? मुझसे क्यों क्यों नहीं पूछ रहा? मैं भी तो सेम फैमिली का हूं। मुझसे पूछा जाता था आपको कैसा लग रहा है कि आप इस फैमिली के मतलब आप टाइम फ्रेंड करते हो आप बच्चे हो इनका आपको कैसा लगता है? वो नेपोटिज्म वाला बात वहां पर आ गया और जो मुझे बिल्कुल पसंद नहीं आ रहा था।",storytelling
hin13,"तो आज का दिन मेरे लिए भी बहुत खुशी का है कि कल रात को 8:00 बजे मैंने जो फाइल है उसके ऊपर साइन किया कि 100% इथेनॉल। इसके नियम बनकर उसको आज कानूनी रूप से प्रक्रिया देने वाली फाइल पर मैंने साइन की है और मुझे बताते खुशी हो रही है कि मारुति सुजुकी ने वैगनआर करके जो सबसे बेचने वाली उनकी गाड़ी है वो 100% इथेनॉल पर मुझे और पुरी साहब को लॉन्च करने का मौका मिला। जो मोटरसाइकिल है हीरो कंपनी, पांच में से तीन मोटरसाइकिल उनकी है। उनकी दो मोटरसाइकिल 100% इथेनॉल पर फ्लेक्स लॉन्च हुई है। इसके बाद टोयोटो, सुजुकी, बाद में एमजी हेक्टर फिर हुंडई सब कंपनियां आने वाले डेढ़ दो महीने में हंड्रेड परसेंट इथेनॉल पर गाड़ियां लॉन्च करेंगे तो पेट्रोल का अल्टरनेटिव इथेनॉल होगा।",motivational
hin14,"नमस्कार, मेरा नाम है शीनू रॉय, मैं 27 साल की हूँ और बैंगलोर की रहने वाली हूँ। मेरा कद है 5 फीट और 1 इंच। मुझे इंग्लिश, हिंदी और मलयालम भाषा में बात करना आता है। फ्री टाइम में मुझे डांस करना, घूमना और गाने सुनना बहुत पसंद है। अगर मेरी एक्टिंग और मॉडलिंग में रुचि की बात की जाए, तो मुझे लगता है कि एक इंसान में कुछ खूबियां होनी चाहिए, जिसमें कि है सबसे पहला खूब सारा आत्मविश्वास और अपने अभिव्यक्ति को, अपनी पर्सनालिटी को कैमरे के सामने खुलकर दर्शाना, जो कि मुझे लगता है कि यह गुण मुझमें भी है।",conversational
hin15,"नमस्कार, मेरा नाम पूजा है। मेरी उम्र 28 साल और कद 5 फीट 5 इंच है। मैं मूली रूप से जयपुर की निवासी हूं, लेकिन वर्तमान में मैं बैंगलोर में रहती हूं। मुझे हिंदी और अंग्रेजी भाषाओं में बोलना आता है। मेरी रुचि हमेशा से ही अभिनय, नृत्य, मॉडलिंग व मन संचालन में रही है। परंतु अपने निजी जीवन में मैं नई जगहों पर जाना, नए लोगों से मिलना, नई संस्कृतियों का अनुभव करना पसंद करती हूं। मुझे पूरा विश्वास है मेरा जुनून, मेरी मेहनत, लगन आगे जाके मुझे एक सर्वश्रेष्ठ अभिनेत्री व मॉडल बनने में ज़रूर सहयोग देगा।",conversational
hin16,"देखो, मैं आपसे एक सीधी बात करना चाहता हूं। आंखों में आंखें डाल के कोई इधर-उधर की बात नहीं करूंगा। सुनील शेट्टी मेहूना में, जॉन अब्राहम पठान में, एंड अब लॉर्ड बॉबी देओल अल्फा में। आपको इन सब में कुछ कॉमन नहीं दिखता? सेम टेम्पलेट, सेम ब्रूडिंग विलेन, सेम मेनिसिंग एंट्री। बस चेहरा बदल गया है, कहानी तो वही है। और मैं यहां पर बैठ के सोच रहा हूं कि अरे भैया, इस बार तो कुछ नया ढंग का देखने के लिए मिलने वाला है क्योंकि धुरंधर ने इतना प्रेशर क्रिएट कर दिया है। लेकिन यहां पर तो ऐसा लगता है कि ये लोग इस फॉर्मूले से आगे बढ़ना ही नहीं चाहते। दोस्तों आज हम लोग अल्फा के ट्रेलर की पूरी काट पीट करके देखने वाले हैं और मैं आपको यह बताऊंगा कि आखिर इस ट्रेलर में हमारे लिए है क्या। देखिए साहब। स्वागत है आप सभी का सबसे पहले तो हमारे चैनल पर एंड अगर आप पहली बार आए हैं तो मैं वह बंदा हूं जो ट्रेलर देख के वाओ वाओ नहीं करता बल्कि मैं वह देखता हूं जो स्टूडियो आपको दिखाना नहीं पसंद करते।",review
hin17,"यह मेनिसिंग विलेन वाला टेम्पलेट क्या है? आई मीन, यशराज फिल्म्स एंड बॉलीवुड को एक आदत सी पड़ गई है। एक पावरफुल एक्टर को लो, आजकल विलेन वाला रोल खत्म हो चुका है, आजकल एक एक्टर को ही ये लोग विलेन बना देते हैं। एंड उसको लंबे बाल दे दो या फिर धीमा सा डायलॉग दिलवा दो या फिर स्लो मोशन में चलवा दो एंड बोल दो, देखो वो कितना खतरनाक विलेन है। सुनील शेट्टी ने ये किया, जॉन अब्राहम ने ये किया एंड अब बॉबी देओल भी यही काम करते दिख रहे हैं। अब मैं यहां पर ये नहीं कह रहा हूं कि बॉबी देओल खराब है, बल्कि मुझे इस पूरे ट्रेलर में सिर्फ बॉबी देओल ही अच्छे लगे हैं। लेकिन सच कहूं, तो इस पूरे ट्रेलर में अगर कोई चीज सच में डरा रही थी, तो वही थी, है ना? मतलब बॉबी देओल की प्रेजेंस कहीं ना कहीं इस ट्रेलर से बाहर की लग रही थी मुझे। सोल सेविंग ग्रेस आप उसको कह सकते हैं, अपार्ट फ्रॉम दैट लास्ट कैमियो जो कि हमें ट्रेलर के आखिरी में दिखाई दिया। बट सवाल ये है कि जब आपका विलन ही रीसायकल टेम्पलेट पे खड़ा हो तो नया फार्मूला लेड यूनिवर्स कहां से हुआ? पैकेजिंग नहीं है, अंदर वही पुराना माल है।",opinion
hin18,"मेरे भाई साहब मुझसे 5 साल बड़े हैं, लेकिन केवल 3 दर्जे आगे। उन्होंने भी इसी उम्र में पढ़ना शुरू किया था जब मैंने शुरू किया, लेकिन तालीम जैसे महत्व के मामले में जल्दबाजी से काम लेना पसंद ना करते थे। इस भवन की बुनियाद खूब मजबूत डालना चाहते थे जिस पर आलीशान महल बन सके। एक साल का काम दो साल में करते थे। कभी-कभी तीन साल भी लग जाते थे। बुनियादी पुख्ता ना हो तो मकान कैसे पायदार बने? मैं छोटा था, वह बड़े थे। मेरी उम्र 9 साल की थी और वह 14 साल के थे। उन्हें मेरी तंबीह और निगरानी का पूरा और जन्मसिद्ध अधिकार था और मेरी शालीनता इसी में थी कि उनके हुक्म को कानून समझो। वह स्वभाव से बड़े अध्ययनशील थे। हरदम किताब खोले बैठे रहते और शायद दिमाग को आराम देने के लिए कभी कॉपी पर, किताब के हाशियों पर चिड़ियों, कुत्तों, बिल्लियों की तस्वीरें बनाया करते थे। कभी कभी एक ही नाम या शब्द या वाक्य 10-20 बार लिख डालते हैं।",educational
hin19,"मुझे तो दो ही तीन साल लगते हैं। तुम उम्र भर इसी दर्जे पर पड़े सड़ते रहोगे? अगर तुम्हें इस तरह उम्र गवानी है, तो बेहतर है घर चले जाओ। और मजे से गुल्ली डंडा खेलो। दादा की गाड़ी कमाई के रुपए क्यों बर्बाद करते हो? मैं यह लताड़ सुनकर आंसू बहाने लगता। जवाब ही क्या था? अपराध तो मैंने किया, लताड़ कौन सहे? भाई साहब उपदेश की कला में निपुण थे। ऐसी ऐसी लगती बातें कहते, ऐसे ऐसे सूखती बाण चलाते कि मेरे जिगर के टुकड़े टुकड़े हो जाते और हिम्मत टूट जाती। इस तरह जान तोड़कर मेहनत करने की शक्ति मैं अपने में ना पाता था। और उस निराशा में ज़रा देर के लिए मैं सोचने लगता क्यों ना घर चला जाऊँ, जो काम मेरे बूते से बाहर है उसमें हाथ डालकर क्यों अपनी ज़िंदगी ख़राब करूँ।",storytelling
hin2,"मुझे खुद याद है, मैं जब फिफ्थ, सिक्स्थ, सेवंथ क्लास में था तो भैंसों को तालाब में नहलाने जाता था। खुद तैरना नहीं आता था तो भैंस की पूंछ पकड़ के तालाब में कूद जाता था। क्योंकि कॉन्फिडेंस था क्योंकि भैंस कभी हमने डूबती हुई नहीं देखी तालाब में। वो कैसे भी करके कितना भी गहरा तालाब हो निकल ही आती थी। तो उसी कॉन्फिडेंस को देखते हुए हम भी तालाब में तैरना सीखे। लेकिन अगर आज की डेट में आप तालाबों को देखेंगे तो तालाबों में भैंस नहाती नहीं है, जबकि उनमें दलदल में फंस",storytelling
hin20,"दो तरह की डिग्री हैं। एक डिग्री है जिससे डिग्री से रोटी लगा के खा सकते हो। ये आपका डिग्री का पन्ना है। इससे रोटी लगा के खा सकते हो। एक ये डिग्री है। मैं थोड़ी सरल भाषा में समझाता हूं। अंग्रेजी नहीं लेकर आता प्रोफेशनल डिग्री, प्रोफेशनल कोर्स एंड दिस जर्नल नहीं। ये इससे खा सकते हो, कौन सी है ये लॉयर है। लॉ की डिग्री आ गई, कहीं नौकरी नहीं मिलती। अपन एडवोकेट का लिया, बार लाइसेंस लिया, अपने बैठ गए, नोटरी बैठ गए, हो गए, चार केस आ गए साल के। तो बना कुछ बना दिया, एफिडेविट बना दिया, कुछ कर दिया। डिग्री इस डिग्री से रोटी खा रहे हो आप। डॉक्टर भी डिग्री से रोटी खा सकता है कहीं नौकरी ना मिले तो। चार्टर्ड अकाउंटेंट भी खा सकता है। पर आप कहीं इंजीनियर बन गए तो आप इंजीनियर बनकर सिर्फ ये नहीं बन सकते कि भई मैं तो कंप्यूटर इंजीनियर बन गया हूं या कुछ बन गया तो अब बड़ा मुश्किल है इससे डायरेक्ट रोटी खाना। बिल्कुल ही वो आईआईटी फाइटी स्टार्टअप वो बहुत रेयर है। अदरवाइज आप डिग्री लेके घूम रहे हो, बीए की डिग्री लेके घूम रहे हो, बीबीए की लेके घूम रहे हो, एमबीए की लेके घूम रहे हो। ये सब डिग्रियां हैं, इनसे रोटी लगा के नहीं खा सकते आप। आपको किसी के पास जाना है, रेज्यूमे देना है आपको। रेज्यूमे देने की जगह मैं आप लोग को बताऊंगा क्या देना चाहिए, क्या करना चाहिए, वो बताऊंगा। आजकल नौकरियां कैसे लग रही हैं?",educational
hin21,"अगर आपको नौकरी भी देनी है किसी की या हम भी बैठते हैं पैनल्स में, वी आर इंटरेस्टेड काम क्या किया आपने? प्रोजेक्ट किया है, कोई पैसा कमाया है? कोई ऐसा काम किया आपने? कि आपको कोई स्किल है, डिजिटल मार्केटिंग की है, वेबसाइट बनाने की है, कुछ चीज बेचने की है, खरीदने की है या कुछ क्लाइंट्स एक्वायर कर कुछ भी आपने वो प्रोजेक्ट किसी के लिए कुछ किया जो आप दिखा सकते हो कि भई मैंने यहां पे 12 घंटे डाले थे और मैंने यहां ₹25000 कमाए। ऐसा कुछ आप प्रूव कर सकते हो कि मैंने यहां ₹50000 कमाए, ₹30000 एंड वो उसको देखकर वो आपको नौकरी दे देगा क्योंकि वो कैलकुलेट करेगा कि काम तो मेरे पास बहुत है जैसे मैं अपना पर्सनल भी बताता हूं मेरे पास काम बहुत है। आपका मेरे को पर आर का रेट पता चले, उस पे मैं आपको हायर कर लूं, कोई मैं या किसी और का एग्जांपल ले लो। तो वो आपको काम दे देगा और वो अपना प्रॉफिट मन में कैलकुलेट करके आपको नौकरी दे देगा। पर आप उसके पास ऐसे पहुंचते हो। रेज़्यूमे लेके तो मुझे पता ही नहीं आपकी कैपेबिलिटी क्या है। और तनख्वाह भैया 30, 40, 50 हज़ार से कम की तो दी नहीं जाती। किसी को नौकरी पे रखते ही एक महीने में निकाला नहीं जाता। बहुत मुश्किल हो गया आजकल नौकरियों पे रखना। क्योंकि आप किसी को नौकरी पर रखोगे सिलेक्शन में पैसा खर्चना पड़ता है क्योंकि आई एम पार्ट ऑफ द सिलेक्शन आई मेक मनी फ्रॉम कंपनीज फॉर सिलेक्टिंग इंडिविजुअल्स फॉर देम एंड वो पैसा सिलेक्शन में भी पैसा खर्च करती है कंपनी फिर वो 2 3 महीने तो आपको कुछ ट्रेन भी करती है।",opinion
hin22,"मुझे तो आज तक समझ नहीं आता कि इतना चस्का क्यों हो रखा है मिडिल क्लास को पढ़ाई करने का, ग्रेजुएशन के बाद पोस्ट ग्रेजुएशन करने का। भाई साहब और पढ़ लें, और पढ़ लें, प्रिपेयर ही होते रहो। अरे भैया तुम 3 साल से 22 साल तक तो तुमने 18 साल 19 साल पढ़ाई करी ग्रेजुएशन, अब तुम्हें और पढ़ना है? पढ़ते ही रहोगे क्या? 18-19 साल तुम पढ़ लिए और अब तुम्हें कितना वो चाहिए पैसे कमाने के लिए और? पढ़े जा रही है, 27 साल हो गए, 28 साल हो गए, प्रिपरेशन, प्रिपरेशन, एग्जाम, प्रिपरेशन। अरे नोट कमाना भाई। फिजिकली नोट कमाना पड़ेगा, फिजिकली काम करना पड़ेगा, मिडिल क्लास का सिलेबस ही नहीं है ये। लोअर क्लास एंड मिडिल क्लास बन जाना है, मिडिल क्लास अब लोअर क्लास हो जाएगी, ये भी फैक्ट है। जिस तरह चल रहा है। क्योंकि मिडिल क्लास के पेरेंट्स आर फेलिंग देयर किड्स क्योंकि वो उनको सिलेबस नहीं पता। कहते यार ये क्या सिस्टम होता है, सेट कैसे हुआ भाई साहब ऐसे? ये पांच छह प्रोजेक्ट करेगा, कोई नौकरी ऐसे मिल जाएगी, वो भी पता है, हां ये सेट कभी नहीं होने वाले। ये काम, ये जो तरीके हैं ना काम करने के और पैसे कमाने के, मल्टीपल इनकम स्ट्रीम चाहिए। बोलना आना चाहिए, तमीज़ आनी चाहिए, स्मार्ट दिखना चाहिए, पर्सनालिटी होनी चाहिए।",opinion
hin23,"थैंक यू सो मच अपर्णा, मेरे बारे में लिखने के लिए। स्टोरी के कुछ पार्ट्स हैं जो मैं आपके साथ शेयर करना चाहूंगा। मैंने जो सीखा है मेरी लाइफ में। मैंने अपना करियर एज अ हेडेज से शुरू किया बहुत साल पहले। ऐसी जगह पर रहता था जहां पर पानी भर जाता था और हम करीब 8 फीट जगह पर रहते थे। बहुत गुरबत और गरीबी भी थी। उसी वक्त मेरा जो रहन सहन था क्योंकि माय फादर वाज वर्किंग एज अ बार्बर और ही वाज रनिंग ए सैलोन। सो वहां पर जिस तरह की मेंटालिटी थी लोगों की, मुझे नहीं लगता कि मैं शायद प्रोग्रेस कर पाता। लेकिन जैसे जैसे मैं बाहर निकला हूं अपनी लाइफ में, जैसे जैसे मैं लोगों से मिला हूँ, मैंने चीजें अचीव की हैं, उससे ये साबित तो ज़रूर होता है कि आदमी को सपने देखना बहुत ज़्यादा ज़रूरी है। तो इस बुक के अंदर भी ये है कि आपको सपने देखना और सोचना बहुत ज़रूरी जब आप सोचते हैं, सपने देखते हैं।",motivational
hin24,"एक बहुत अच्छा इंसिडेंट है, किसी ने पूछा कि यार आप हेडरेसर कैसे बने? मैंने कहा मैं बहुत छोटा था 5 साल का, मेरी पड़ोसन मेरे घर में टीवी देखने आई और मैंने पीछे से कैंची से जाके उसके बाल काट दिए। और उसने मुझे श्राप दिया कि जा तू बड़ा हो के ना यही करने वाला बाली काटने वाला है। थैंक यू सो मच। आज उनके इस श्राप ने मुझे इतना अच्छा काम किया कि ये काम उस लेवल पे पहुंच गया कि आई फील वेरी प्राउड कि आई एम वर्किंग वन ऑफ द वेरी टॉप हेयर स्टाइलिस्ट। लोगों के दिलों में रहता हूं, लोगों के साथ बहुत अच्छा रिलेशन है, आई एम ट्रेनिंग पीपल, एजुकेशन क्रिएट करता हूं। एक छोटा सा इंसिडेंट मुझे याद आया, आई वास वर्किंग विथ अ लैक्मे लीवर और लैक्मे लीवर छोड़ने की जो मेरी वजह थी, वो थी मैं एजुकेशन में कुछ करना चाहता था। सो आई लेफ्ट ब्लैकमी लीवर एंड स्टार्टेड डूइंग माय शो। और उस शोज ने मेरा दिमाग इतना खराब कर दिया कि मुझे लगा कि आई एम आउट ऑफ द वर्ल्ड। बस अब दुनिया मेरे मुट्ठी में आ गई है। लेकिन बाद में मुझे आहिस्ता-आहिस्ता पता चला ये शोज करना इतना आसान नहीं होता है। इज नॉट ए इजी थिंग। आप लाइफ में जो कुछ अचीव करना चाहते हैं उसका एक वक्त होता है उसमें थोड़े सब्र की जरूरत होती है।",storytelling
hin25,"सी द वे आई सी इट, अगर कोई एक ऐसा कॉलेज है जो कि 10,000 बच्चों को पढ़ाता हो और उन 10,000 बच्चों में से उनसे सबसे पूरे जो सबसे प्रीमियम कॉलेजेस होते हैं उसकी फीस चार्ज करे ₹2 लाख, ₹2.5 लाख, ₹3 लाख पर ईयर और उसके बाद वो कॉलेज 9,990 बच्चों को फेल कर दे और सिर्फ 10 और 10 बच्चे सिर्फ 10 बच्चों को पास करे। वेल देन डेफिनेटली हम में से कोई ना कोई ये सवाल पूछेगा। वी विल एक्चुअली डिक्लेअर इट एस अ फ्रॉड। समबडी, वन ऑफ अस, सोसाइटी, इदर गवर्नमेंट विल एक्चुअली इंटरवीन इट। दिस हैपन्स एवरी सिंगल डे इन द कोचिंग इंस्टिट्यूट्स ऑफ द ओल्ड राजेंद्र नगर एंड द मुखर्जी नगर। ऑल ऑफ अस आर रिस्पांसिबल फॉर इट। हर साल 10000 बच्चों को पढ़ाते तो हैं। बाय सेलिंग दी वन सक्सेस स्टोरी ऑफ दी मनोज कुमार शर्मा। लेकिन उसके बाद जो 9990 बच्चे हैं, उनका बेसिकली कोई रिजल्ट नहीं होता है, दे डू नॉट गेट एनीथिंग। द एक्चुअल डेमोग्राफिक डिविडेंड जो कि हमारे देश का है जिसके बारे में हम बातें करते हैं, वो डेमोग्राफिक डिविडेंड जो कि नेशन बिल्डिंग में लगना चाहिए वो बेसिकली इस समय उसका पूरा का पूरा बेसिकली श्मशान घाट बना हुआ है। राजेंद्र नगर और मुखर्जी नगर की गलियों में। सवाल ये भी है कि बिकॉज़ दोज़ पीपल फेल। नोबडी विल एक्चुअली एवर टेल यू दी स्टोरी अबाउट देम। उनकी कहानी कभी बताई नहीं जाएगी, उनकी कहानी कभी एप्रिशिएट नहीं किया जाएगी। हमारी सोसाइटी के साथ एक छोटा सा इशू है। हम सक्सेस को बहुत ज्यादा वैल्यू करते हैं जो कि थोड़ी सी अंडररेटेड है और हम फेलियर को बहुत ज्यादा बेसिकली डिसएप्रिशिएट करते हैं जो कि थोड़ा सा ओवररेटेड है। थिंग्स हैपन दैट इज हाउ इट इज गोइंग टू बी। नाउ इट्स नॉट द मिरली जो प्रॉब्लम बेसिकली कोचिंग इंस्टिट्यूट्स ने क्लियर की है, दे आर जस्ट पार्ट ऑफ द सिस्टम, उनके द्वारा नहीं किया गया है। दिस है स्पेसिफिकली जो ये फ्लॉ है, ये कहीं ना कहीं पे यूपीएससी",opinion
hin26,"यूपीएससी 2013 या 2014 में ये डिसाइड किया था कि बेसिकली चार अटेम्प्ट की बजाय छह अटेम्प्ट कर देनी चाहिए। एक्चुअली में क्या होता है कि यूपीएससी के जो अटेम्प्ट हैं, इट वुड नॉट मैटर आप उसमें कितने अटेम्प्ट अगर आप यूपीएससी में तीन अटेम्प्ट दे दो, अगर यूपीएससी में छह अटेम्प्ट दे दो या यूपीएससी में 10 अटेम्प्ट दे दो, दी कंक्लूसिव रिजल्ट इज गोइंग टू बी द सेम। यू आर गोइंग टू एंड अप सिलेक्टिंग द सेम कैंडिडेट्स, कोई फर्क नहीं आएगा। बट जब छह अटेम्प्ट होते हैं या फिर उससे ज्यादा अटेम्प्ट होते हैं तो इट कंपलीटली डिस्ट्रॉयज जो हमारे यूथ के जो सबसे प्रोडक्टिव इयर्स होते हैं 21 से 30 साल के। अगर यूपीएससी दो, तीन या चार अटेम्प्ट पे बेसिकली छोड़ देता है जो बेसिकली एक आइडियल सिचुएशन पहले एक्जिस्ट करती थी 2014 से, द स्टूडेंट ऑलवेज गेट्स अ चांस टू रीबिल्ड हिज और हर ओन लाइफ। 21 के ऐज में तैयारी स्टार्ट करता है, 25 तक वो बेसिकली तैयारी करके अपने अटेम्प्ट से डन हो चुका होगा। ही स्टिल हैव सम रिडेम्पशन अवेलेबल। लेकिन 6 अटेम्प्ट, 7 अटेम्प्ट, 8 अटेम्प्ट के बाद जब वो 30 साल के बाद जब वापस रियल वर्ल्ड में जाता है, उसके लिए कोई भी बेसिकली यू कैन पुट इट लाइक द बेसिकली देयर इज नो कंट्री फॉर द यूपीएससी फेलियर्स। दिस हैपन्स विद इफ नॉट लैक्स प्रोबेबली टेंस ऑफ थाउजेंड्स ऑफ द स्टूडेंट्स। वो राजेंद्र नगर के छोटे-छोटे से 10 बाय 10 के कमरों में मुखर्जी नगर के छोटे-छोटे कमरों में रहे हैं, रह रहे हैं एंड जब वो बिग प्रिपरेशन बिगिन करते हैं और जब वो प्रिपरेशन का एंड होता है सो दे आर एब्सोल्यूटली एंड एंटायरली डिफरेंट डिप्लीटेड पीपल।",opinion
hin27,"आपका जो YouTube चैनल है वो टर्मिनेट हो गया है कॉपीराइट की वजह से। मैंने खोल के देखा मुझे लगा यार ये तो बहुत बड़ी गड़बड़ हो गई है। मैंने सोचा चलो कुछ पैसे कमा लिए उससे कुछ कर लेंगे। उसके कुछ दिन बाद जब एडसेंस से पेमेंट आनी थी तो मेरे पास दूसरा मेल आया कि आपका एडसेंस भी टर्मिनेट हो चुका है। और जो पैसा मैंने कमाया था, वो सारा का सारा चला गया और मैं एकदम होपलेस हो गया कि भाई, ये चीज मेरे बस की नहीं है, मुझे इस चीज को शुरू ही नहीं करना चाहिए था, मैंने अपना टाइम यहां पर वेस्ट कर दिया, ये गलत डिसीजन मैंने लिया। यह मेरे साथ ही था यह। तो एक्चुअली में यहां पर हुआ यह था कि डिसीजन मेरा गलत यह था कि मैंने शॉर्टकट चुना क्योंकि गलती YouTube की नहीं थी अगर हम किसी का कॉपीराइटेड कंटेंट यूज करेंगे तो भाई उस पर स्ट्राइक आ सकती है और सारे के सारे कंटेंट को YouTube ने उड़ा दिया जो मेरी खुद की मेहनत थी जहां पर मैं टॉप 10 की वीडियोस बनाता था वो भी गया यानी जो खुद की मेहनत की चीज थी वो भी गई और आपको भी यही कहना चाहता हूं कि भाई अगर आपको लगता है कि यह चीज शॉर्टकट है यह चीज मुझे बहुत आसानी से मेरे टारगेट पर लेकर जा रही है लेकिन यह चीज आपको फील होता है कि उतनी सही नहीं है तो मैं आपको दावे से कह सकता हूं कि आप अगर उस पर जाएंगे",motivational
hin28,"तो वहां पर मेरा सब कुछ खत्म हो चुका था। मैंने डिसाइड कर लिया कि अबे यार मुझे यूट्यूब चलाना ही नहीं है। मैंने सोच लिया मुझे करना ही नहीं है यूट्यूब, ये मेरे काम की चीज ही नहीं है। ये मेरे साथ ही हो रहा था। अब मैं सोचता हूं तो मुझे बहुत अजीब सा लगता है ये चीज सोच के। तो लगभग 2 महीने में शांत रहा, मैंने कुछ नहीं किया, YouTube का नाम भी नहीं लिया क्योंकि इतना तगड़ा झटका लगा था ना यार वो। लेकिन उसके बाद में वो जो कीड़ा है दिमाग में वो तो चलेगा, जब इतनी चीजें YouTube की समझ ली, इतनी चीजें सीख ली, एल्गोरिदम को समझ लिया तो कीड़ा फिर से चला दिमाग में कि यार इतना कुछ पता है इसको वेस्ट तो नहीं होने देना चाहिए। लेकिन तब मेरे पास में एक एडवांटेज आ चुका था कि थोड़ा सा पैसा मैंने YouTube से कमा लिया था और उसकी मदद से मैंने सोचा कि यार एक काम करते चलो फिर से YouTube में घुसते हैं और अब मैं जो भी करूंगा उसमें कोई शॉर्टकट नहीं लूंगा उसमें कोई भी आसान रास्ता नहीं लूंगा जो करूंगा अपनी मेहनत से करूंगा होगा तो होगा नहीं होगा तो नहीं होगा लेकिन मैं अपना 100% दूंगा और मैंने डिसाइड किया कि अब मैं कुछ ऐसा कंटेंट बनाऊंगा जिसमें मैं खुद रहूंगा और पूरा जो ऑडियो वीडियो है सब कुछ मेरा खुद का रहेगा।",storytelling
hin29,"गाइज़, हमारे जीवन में ज़्यादातर जो चीज़ें होती हैं, हम उसको थोड़ा सा करते हैं और होपलेस हो जाते हैं और उसको छोड़ देते हैं। लेकिन ये चीज़ लगभग हर चीज़ में वैलिड है, YouTube में तो कुछ ज़्यादा ही है कि अगर आपको फेलियर मिल रहा है तो इसका मतलब ये नहीं है कि आपको छोड़ देना चाहिए होपलेस हो करके। यह आपको जानबूझकर के YouTube देता है, आपको व्यूज जानबूझकर के नहीं देता है क्योंकि उसकी बहुत सारी मजबूरियां हैं। वह हर किसी को व्यूज नहीं दे सकता। लेकिन अगर आपकी वीडियोस पर रिस्पांस अच्छा आएगा, अगर लोग आपकी वीडियोस में इंटरेस्ट लेंगे, तो आपको जरूर से जो है YouTube ग्रोथ करेगा, टाइम जरूर से लेगा उसमें। तो यह चीज की मुझे पहले से समझ थी कि कुछ ऐसा होने वाला है। अच्छी बात ये थी कि मेरे पास थोड़ा सा पैसा था जो कि मैंने YouTube से कमाया था और उसकी मदद से इस बार जो है मैं कैमरा खरीद पाया फाइनली। मेरे पास में कैमरा और एक माइक आ गया। तो अब मैं फ्री था वीडियोस बनाने के लिए लेकिन चैलेंजेस यहां खत्म नहीं हुए क्योंकि बात वही है कि लाइफ होती ही कुछ ऐसे है, सभी की ही ऐसे होती है कि सोचते कुछ हैं लेकिन एक प्रॉब्लम सॉल्व नहीं होती, दूसरी उससे पहले खड़ी रहती है, तैयार रहती है। मैं जब कैमरा के सामने खड़ा हुआ, मैंने देखा कि यार मुझे तो कैमरा में बोलना ही नहीं आ रहा क्योंकि मैं बहुत ही इंट्रोवर्ट था उस टाइम पे। किसी से बात करने में मुझे बहुत दिक्कत होती थी। मैं अपने आप को अच्छे से एक्सप्रेस नहीं कर पाता था जो कि अगर आप कहोगे कि यार अमित भाई ये आप क्या कह रहे हो? भाई ये एक्चुअली में मेरे साथ में केस था। अभी मैं जितना जो कुछ बोल रहा हूं।",motivational
hin3,"यह उसका एक रिजल्ट है। आप यह करके देख सकते हैं, अपने गांव में करके देख सकते हैं, अपने स्कूल में करके देख सकते हैं, कैंपस में करके देख सकते हैं। क्योंकि आप कोई भी बत्तख, आप सोचिए मैं खुद बत्तख हूं। चारों तरफ अगर पत्थर है, लोग वॉक कर रहे हैं, गाड़ियां चल रही है, अगर मैंने वहां पे अपने बच्चे छिपा भी दिए, अंडे रख भी दिए, क्या आपको लगता है शाम तक वो सेफ बचेंगे? और अब तो कुत्ते, बिल्ली इतने सारे हैं, शाम तक वो भी चखने में यूज कर लेंगे। इसीलिए उनको बीच में सेफ एंड सिक्योर प्लेस देने की एक ये हमारी तैयारी रहती है, कोशिश रहती है और वहीं पे वही काम हम करते हैं।",educational
hin4,"थोड़ा सा ध्यान दें कि कुदरत ने औरत और मर्द में सिमिलैरिटीज ज्यादा दी हैं। फर्क सिर्फ दो-तीन हैं और आपको मालूम है हमारे अंदर क्या फर्क है हमारे जिस्मों में। और ये फर्क कुदरत ने सिर्फ प्रजनन के लिए, रीप्रोडक्शन के लिए बनाए हैं। इसके लिए नहीं बनाए कि कौन वाइस चांसलर बनेगा, तो कौन प्राइम मिनिस्टर बनेगा और कौन मोटरसाइकिल चलाएगा, कौन खाना बनाएगा। कुदरत डाइवर्सिटी पसंद करती है। कितनी डाइवर्सिटी कि दुनिया में 7 बिलियन से ज़्यादा लोग हैं, मगर उनमें से दो भी एकदम एक जैसे नहीं हैं।",educational
hin5,"एक शख्सियत आपकी लाइफ में होती है और ऐसे कम ही होती है कि जब उनकी रोशनी आपके ऊपर पड़ती है, तो आप भी उस रोशनी में चमकने लगते हैं। आपकी अपनी कोई रोशनी नहीं होती। लेकिन उस रोशनी में जो किसी दूसरे का प्रकाश आप पे आया, उनकी पर्सनालिटी का जो आप पे रिफ्लेक्शन आया, उसमें आप भी चमकने लगते हैं। तो वो ऐसा कुछ टाइम के लिए होता है जैसे ही प्रकाश खत्म आप भी अंधेरे में खो गए। लेकिन कुछ लोग ऐसे होते हैं जो बेशक प्रकाश खत्म हो जाए। वो व्यक्तित्व उस किरदार की खुशबू आपके साथ चलती है। ऐसी ही एक खुशबू का नाम है मां।",motivational
hin6,"गुरु आपको जिंदगी में मिलता तो है, पर सब लोग गुरु के साथ एकाकार नहीं हो पाते। कुछ होते हैं। सौम्य, शांत, करुणामय चित्र और ऐसी शख्सियत जो सिर्फ यह चाहती है कि उसके स्टूडेंट्स का इतना बड़ा नाम हो कि वो इस दुनिया में इस पहचान के साथ जाना जाए कि इसके गुरु वो थे। अर्जुन के गुरु द्रोणाचार्य थे। राम के गुरु वशिष्ठ थे। गुरु हमेशा शिष्यों से पहचाना जाएगा, याद रखना। किसी भी पेड़ की पहचान उसके फल से होगी। आपने दिया क्या है?",motivational
hin7,"और यह मानिए कि अगर भगवान भी रूठ जाए, ध्यान दीजिएगा। तो गुरु आपको भगवान के मनाने का जतन बता देगा, रास्ता बता देगा, कोई ना कोई सूत्र देगा जिससे वह भगवान खुदा भी आपकी बात सुनने लगेगा, उससे मिलवा देगा। लेकिन गुरु ही अगर रूठ गया फिर क्या होगा? हरी रूठे गुरु ठोर है, गुरु रूठे नहीं ठोर।",educational
hin8,"आज नहीं तो कल, कल नहीं तो परसों कोई रास्ता मिलेगा, क्या पता उससे भी खूबसूरत कोई रास्ता मिल जाए। पर मां का अल्टरनेटिव दुनिया में नहीं है। दूसरी मां नहीं मिल सकती। गुरु मिलेगा कि नहीं मिलेगा इसका भी अंदाजा नहीं है। दूसरा गुरु भी बहुत मुश्किल है। बहुत ही मुश्किल है। इन परिस्थितियों से जब आप गुजरते हैं, इन ग्लिचेस से आप गुजरते हैं, तो ग्रेविटी कहां से आएगी? व्यक्तित्व में ठहराव कहां से आएगा? आंधियों ने आपके पैरों को उखाड़ दिया है। ये जमीन पर कैसे जमे रहेंगे? तो वो रास्ता फिर आता है। आपकी कमिटमेंट से, आपकी कृतज्ञता से, आपके गुरु और माता के प्रति आपके समर्पण से। जहां वो छोड़ के गए हैं आपको और जो वो सिखा के गए हैं आपको, वो जो आपको बनते हुए देखना चाहते थे। आप उस दिशा में कमिटमेंट के साथ खड़े होइए, समर्पण के साथ खड़े होइए।",motivational
